{
  "candidate": {
    "label": "candidate",
    "ckpt": "runs/final_3day_20260511_105938/snapshots/snap_step64000.pt",
    "step": 64000,
    "rows": {
      "2": {
        "games": 30,
        "win_rate": 0.8333333333333334,
        "margin": 949.319842234673,
        "exact": 0.45325733469191004,
        "pool": 1.0,
        "max_moves_pct": 0.0
      },
      "3": {
        "games": 20,
        "win_rate": 0.75,
        "margin": 585.8419026112084,
        "exact": 0.4817495235742072,
        "pool": 1.0,
        "max_moves_pct": 0.0
      },
      "4": {
        "games": 20,
        "win_rate": 0.5,
        "margin": -15.371948579253024,
        "exact": 0.4990672700473889,
        "pool": 1.0,
        "max_moves_pct": 0.0
      },
      "5": {
        "games": 12,
        "win_rate": 0.3333333333333333,
        "margin": -386.0436155442408,
        "exact": 0.49024105284814395,
        "pool": 1.0,
        "max_moves_pct": 0.0
      },
      "6": {
        "games": 12,
        "win_rate": 0.25,
        "margin": -619.6479216867319,
        "exact": 0.5736240490412505,
        "pool": 1.0,
        "max_moves_pct": 0.0
      }
    }
  },
  "baseline": {
    "label": "baseline",
    "ckpt": "runs/final_reranker_pilot_12h_20260510_195708/final.pt",
    "step": null,
    "rows": {
      "2": {
        "games": 30,
        "win_rate": 0.9,
        "margin": 1033.9432143798147,
        "exact": 0.47557822760569185,
        "pool": 1.0,
        "max_moves_pct": 0.0
      },
      "3": {
        "games": 20,
        "win_rate": 0.75,
        "margin": 597.1445733600871,
        "exact": 0.47709930971605197,
        "pool": 1.0,
        "max_moves_pct": 0.0
      },
      "4": {
        "games": 20,
        "win_rate": 0.55,
        "margin": 135.38337100622266,
        "exact": 0.5323464333040476,
        "pool": 1.0,
        "max_moves_pct": 0.0
      },
      "5": {
        "games": 12,
        "win_rate": 0.25,
        "margin": -610.8156192701446,
        "exact": 0.5298011387705117,
        "pool": 1.0,
        "max_moves_pct": 0.0
      },
      "6": {
        "games": 12,
        "win_rate": 0.25,
        "margin": -610.3964902867816,
        "exact": 0.5535271551061024,
        "pool": 1.0,
        "max_moves_pct": 0.0
      }
    }
  },
  "candidate_score": 36.4957038720184,
  "baseline_score": 34.9394274643801
}