{
  "candidate": {
    "label": "candidate",
    "ckpt": "runs/final_3day_20260511_105938/snapshots/snap_step140000.pt",
    "step": 140000,
    "rows": {
      "2": {
        "games": 30,
        "win_rate": 0.9333333333333333,
        "margin": 1167.1189610921144,
        "exact": 0.49233561432329154,
        "pool": 1.0,
        "max_moves_pct": 0.0
      },
      "3": {
        "games": 20,
        "win_rate": 0.75,
        "margin": 601.9023346251486,
        "exact": 0.4892566627573487,
        "pool": 1.0,
        "max_moves_pct": 0.0
      },
      "4": {
        "games": 20,
        "win_rate": 0.65,
        "margin": 385.79637956895897,
        "exact": 0.5384885209700274,
        "pool": 1.0,
        "max_moves_pct": 0.0
      },
      "5": {
        "games": 12,
        "win_rate": 0.5833333333333334,
        "margin": 208.97757003772327,
        "exact": 0.5607828480339451,
        "pool": 1.0,
        "max_moves_pct": 0.0
      },
      "6": {
        "games": 12,
        "win_rate": 0.3333333333333333,
        "margin": -384.2173692368588,
        "exact": 0.54921634374436,
        "pool": 1.0,
        "max_moves_pct": 0.0
      }
    }
  },
  "baseline": {
    "label": "baseline",
    "ckpt": "runs/final_reranker_pilot_12h_20260510_195708/final.pt",
    "step": null,
    "rows": {
      "2": {
        "games": 30,
        "win_rate": 0.9,
        "margin": 1033.9432143798147,
        "exact": 0.47557822760569185,
        "pool": 1.0,
        "max_moves_pct": 0.0
      },
      "3": {
        "games": 20,
        "win_rate": 0.75,
        "margin": 597.1445733600871,
        "exact": 0.47709930971605197,
        "pool": 1.0,
        "max_moves_pct": 0.0
      },
      "4": {
        "games": 20,
        "win_rate": 0.55,
        "margin": 135.38337100622266,
        "exact": 0.5323464333040476,
        "pool": 1.0,
        "max_moves_pct": 0.0
      },
      "5": {
        "games": 12,
        "win_rate": 0.25,
        "margin": -610.8156192701446,
        "exact": 0.5298011387705117,
        "pool": 1.0,
        "max_moves_pct": 0.0
      },
      "6": {
        "games": 12,
        "win_rate": 0.25,
        "margin": -610.3964902867816,
        "exact": 0.5535271551061024,
        "pool": 1.0,
        "max_moves_pct": 0.0
      }
    }
  },
  "candidate_score": 60.816300334736134,
  "baseline_score": 34.9394274643801
}