{
  "candidate": {
    "label": "candidate",
    "ckpt": "runs/final_3day_20260511_105938/snapshots/snap_step101000.pt",
    "step": 101000,
    "rows": {
      "2": {
        "games": 30,
        "win_rate": 0.8666666666666667,
        "margin": 1039.3119104997327,
        "exact": 0.45663006578960724,
        "pool": 1.0,
        "max_moves_pct": 0.03333333333333333
      },
      "3": {
        "games": 20,
        "win_rate": 0.75,
        "margin": 601.7607382236683,
        "exact": 0.4873734546569762,
        "pool": 1.0,
        "max_moves_pct": 0.0
      },
      "4": {
        "games": 20,
        "win_rate": 0.7,
        "margin": 487.6782556288116,
        "exact": 0.5396152290549077,
        "pool": 1.0,
        "max_moves_pct": 0.0
      },
      "5": {
        "games": 12,
        "win_rate": 0.4166666666666667,
        "margin": -192.23364464924543,
        "exact": 0.4974459863949771,
        "pool": 1.0,
        "max_moves_pct": 0.0
      },
      "6": {
        "games": 12,
        "win_rate": 0.3333333333333333,
        "margin": -393.47313446327206,
        "exact": 0.5223447063274461,
        "pool": 1.0,
        "max_moves_pct": 0.0
      }
    }
  },
  "baseline": {
    "label": "baseline",
    "ckpt": "runs/final_reranker_pilot_12h_20260510_195708/final.pt",
    "step": null,
    "rows": {
      "2": {
        "games": 30,
        "win_rate": 0.9,
        "margin": 1033.9432143798147,
        "exact": 0.47557822760569185,
        "pool": 1.0,
        "max_moves_pct": 0.0
      },
      "3": {
        "games": 20,
        "win_rate": 0.75,
        "margin": 597.1445733600871,
        "exact": 0.47709930971605197,
        "pool": 1.0,
        "max_moves_pct": 0.0
      },
      "4": {
        "games": 20,
        "win_rate": 0.55,
        "margin": 135.38337100622266,
        "exact": 0.5323464333040476,
        "pool": 1.0,
        "max_moves_pct": 0.0
      },
      "5": {
        "games": 12,
        "win_rate": 0.25,
        "margin": -610.8156192701446,
        "exact": 0.5298011387705117,
        "pool": 1.0,
        "max_moves_pct": 0.0
      },
      "6": {
        "games": 12,
        "win_rate": 0.25,
        "margin": -610.3964902867816,
        "exact": 0.5535271551061024,
        "pool": 1.0,
        "max_moves_pct": 0.0
      }
    }
  },
  "candidate_score": 53.23398821075212,
  "baseline_score": 34.9394274643801
}